USE project;

INSERT INTO agency (email, name, address) VALUES 
('email1@example.com', 'Agency Beirut', 'Beirut, Lebanon'),
('email2@example.com', 'Agency Tripoli', 'Tripoli, Lebanon'),
('email3@example.com', 'Agency Sidon', 'Sidon, Lebanon'),
('email4@example.com', 'Agency Baalbek', 'Baalbek, Lebanon'),
('email5@example.com', 'Agency Zahle', 'Zahle, Lebanon'),
('email6@example.com', 'Agency Nabatieh', 'Nabatieh, Lebanon'),
('email7@example.com', 'Agency Batroun', 'Batroun, Lebanon'),
('email8@example.com', 'Agency Jbeil', 'Jbeil, Lebanon'),
('email9@example.com', 'Agency Chouf', 'Chouf, Lebanon'),
('email10@example.com', 'Agency Hermel', 'Hermel, Lebanon'),
('email11@example.com', 'Agency Keserwan', 'Keserwan, Lebanon'),
('email12@example.com', 'Agency Marjeyoun', 'Marjeyoun, Lebanon'),
('email13@example.com', 'Agency Zgharta', 'Zgharta, Lebanon'),
('email14@example.com', 'Agency Rashaya', 'Rashaya, Lebanon'),
('email15@example.com', 'Agency Aley', 'Aley, Lebanon'),
('email16@example.com', 'Agency Bint Jbeil', 'Bint Jbeil, Lebanon'),
('email17@example.com', 'Agency Hasbaya', 'Hasbaya, Lebanon'),
('email18@example.com', 'Agency Akkar', 'Akkar, Lebanon'),
('email19@example.com', 'Agency Baabda', 'Baabda, Lebanon'),
('email20@example.com', 'Agency Tyre', 'Tyre, Lebanon');

INSERT INTO branch (agency_ID, phone_nmb, address) VALUES 
(1, '78123456', 'Hamra Street, Beirut, Lebanon'),
(1, '78123457', 'Mina Street, Tripoli, Lebanon'),
(5, '78123458', 'Maameltein, Jounieh, Lebanon'),
(2, '78123454', 'Batroûn, Lebanon'),
(2, '78123455', 'Byblos, Jbeil, Lebanon'),
(1, '78123460', 'Main Street, Beirut, Lebanon'),
(8, '78123461', 'Beirut Downtown, Beirut, Lebanon'),
(3, '78123462', 'Ras Beirut, Beirut, Lebanon'),
(4, '78123463', 'Hamra District, Beirut, Lebanon'),
(5, '78123464', 'Tripoli Central, Tripoli, Lebanon'),
(6, '78123465', 'Old Souks, Tripoli, Lebanon'),
(7, '78123466', 'Al Mina, Tripoli, Lebanon'),
(8, '78123467', 'Abi Samra, Tripoli, Lebanon'),
(9, '78123468', 'Jounieh Center, Jounieh, Lebanon'),
(10, '78123469', 'Maameltein District, Jounieh, Lebanon'),
(11, '78123470', 'Zouk Mosbeh, Jounieh, Lebanon'),
(12, '78123471', 'Zahle Downtown, Zahle, Lebanon'),
(13, '78123472', 'Chtaura District, Zahle, Lebanon'),
(14, '78123473', 'West Bekaa, Zahle, Lebanon'),
(15, '78123474', 'Tyre Center, Tyre, Lebanon'),
(16, '78123475', 'Jabal Amel, Tyre, Lebanon'),
(17, '78123476', 'Sour Coastal, Tyre, Lebanon'),
(18, '78123477', 'Mansouri, Tyre, Lebanon'),
(19, '78123478', 'Jezzine District, Tyre, Lebanon'),
(20, '78123479', 'Sidon Downtown, Sidon, Lebanon');

INSERT INTO phone_nmbs (agency_ID, phone_nmbs) VALUES 
(1, '78129146'),
(1, '78199147'),
(2, '78129148'),
(3, '78129144'),
(3, '78129145'),
(4, '78129176'),
(5, '78129147'),
(6, '78123458'),
(7, '78123454'),
(8, '78123455'),
(9, '78123480'),
(10, '78123481'),
(11, '78123482'),
(12, '78123483'),
(13, '78123484'),
(14, '78123485'),
(15, '78123486'),
(16, '78123487'),
(17, '78123488'),
(18, '78123489'),
(19, '78123490'),
(20, '78123491'),
(1, '78123492'),
(6, '78123493'),
(8, '78123494'),
(14, '78123495'),
(20, '78123496'),
(17, '78123497'),
(7, '78123498'),
(9, '78123499'),
(2, '78123500');

INSERT INTO department (branch_ID, name, location) VALUES 
(1, 'HR Department', 'Building A, 4th Floor, Hamra, Beirut, Lebanon'),
(1, 'Sales Department', 'Building A, 5th Floor, Dbayeh, Lebanon'),
(1, 'Marketing Department', 'Building A, 6th Floor, Mar Mikhael, Lebanon'),
(2, 'IT Department', 'Building B, 3rd Floor, Verdun, Lebanon'),
(2, 'Finance Department', 'Building B, 4th Floor, Ras Beirut, Lebanon'),
(3, 'Operations Department', 'Building C, 2nd Floor, Gemmayze, Lebanon'),
(4, 'Production Department', 'Building D, 3rd Floor, Ashrafieh, Lebanon'),
(4, 'Quality Assurance Department', 'Building D, 4th Floor, Badaro, Lebanon'),
(5, 'Research and Development Department', 'Building E, 3rd Floor, Mar Mikhael, Lebanon'),
(5, 'Customer Service Department', 'Building E, 4th Floor, Jounieh, Lebanon'),
(6, 'Human Resources Division', 'Building F, 3rd Floor, Gemmayze, Lebanon'),
(6, 'Sales and Marketing Department', 'Building F, 4th Floor, Dbayeh, Lebanon'),
(6, 'Customer Relations Division', 'Building F, 5th Floor, Badaro, Lebanon'),
(7, 'Information Technology Department', 'Building G, 4th Floor, Verdun, Lebanon'),
(7, 'Finance and Accounting Department', 'Building G, 5th Floor, Hamra, Lebanon'),
(8, 'Operations and Logistics Division', 'Building H, 2nd Floor, Ras Beirut, Lebanon'),
(9, 'Manufacturing Division', 'Building I, 5th Floor, Hamra, Lebanon'),
(9, 'Quality Control Department', 'Building I, 6th Floor, Ashrafieh, Lebanon'),
(10, 'Research and Innovation Division', 'Building J, 3rd Floor, Verdun, Lebanon'),
(10, 'Customer Support Department', 'Building J, 4th Floor, Mar Mikhael, Lebanon'),
(11, 'Legal Affairs Department', 'Building K, 5th Floor, Badaro, Lebanon'),
(11, 'Marketing Strategies Division', 'Building K, 6th Floor, Gemmayze, Lebanon'),
(12, 'Supply Chain Management Department', 'Building L, 7th Floor, Dbayeh, Lebanon'),
(12, 'Data Analytics Division', 'Building L, 8th Floor, Jounieh, Lebanon'),
(13, 'Public Relations Division', 'Building M, 9th Floor, Verdun, Lebanon'),
(13, 'Product Development Department', 'Building M, 10th Floor, Hamra, Lebanon'),
(14, 'Risk Management Department', 'Building N, 11th Floor, Ras Beirut, Lebanon'),
(14, 'Health and Safety Division', 'Building N, 12th Floor, Ashrafieh, Lebanon'),
(15, 'Engineering Division', 'Building O, 13th Floor, Gemmayze, Lebanon'),
(15, 'Client Services Department', 'Building O, 14th Floor, Dbayeh, Lebanon'),
(16, 'Internal Audit Department', 'Building P, 2nd Floor, Tripoli, Lebanon'),
(16, 'Sales Support Division', 'Building P, 3rd Floor, Zahle, Lebanon'),
(17, 'Training and Development Department', 'Building Q, 4th Floor, Tyre, Lebanon'),
(17, 'Business Development Division', 'Building Q, 5th Floor, Sidon, Lebanon'),
(18, 'Corporate Communications Department', 'Building R, 6th Floor, Baalbek, Lebanon'),
(18, 'Operations Planning Division', 'Building R, 7th Floor, Nabatieh, Lebanon'),
(19, 'Procurement Department', 'Building S, 8th Floor, Batroun, Lebanon'),
(19, 'Technical Support Division', 'Building S, 9th Floor, Jbeil, Lebanon'),
(20, 'Marketing Communications Department', 'Building T, 10th Floor, Beirut, Lebanon'),
(20, 'Customer Experience Division', 'Building T, 11th Floor, Tripoli, Lebanon'),
(21, 'Compliance Department', 'Building U, 12th Floor, Jounieh, Lebanon'),
(21, 'Sales Operations Division', 'Building U, 13th Floor, Zahle, Lebanon'),
(22, 'Project Management Department', 'Building V, 14th Floor, Tyre, Lebanon'),
(22, 'Business Analysis Division', 'Building V, 15th Floor, Sidon, Lebanon'),
(23, 'Quality Management Department', 'Building W, 16th Floor, Baalbek, Lebanon'),
(23, 'Operations Excellence Division', 'Building W, 17th Floor, Nabatieh, Lebanon'),
(24, 'Human Capital Department', 'Building X, 18th Floor, Batroun, Lebanon'),
(24, 'Sales Strategy Division', 'Building X, 19th Floor, Jbeil, Lebanon'),
(25, 'Information Security Department', 'Building Y, 20th Floor, Beirut, Lebanon'),
(25, 'Customer Success Division', 'Building Y, 21st Floor, Tripoli, Lebanon');

INSERT INTO manager (dep_ID, name, gender, salary) VALUES 
(1, 'Hassan Khalil', 'Male', 60000),
(2, 'Leila Issa', 'Female', 55000),
(3, 'Rami Fakhoury', 'Male', 58000),
(4, 'Layla Nassar', 'Female', 62000),
(5, 'Fadi Hariri', 'Male', 59000),
(6, 'Tamer Kobba', 'Male', 56000),
(7, 'Rabih Mansour', 'Male', 63000),
(8, 'Nour Samaha', 'Female', 57000),
(9, 'Ali Haddad', 'Male', 61000),
(10, 'Lynn Abi Khalil', 'Female', 60000),
(11, 'khassuna', 'Non binary', 58000),
(12, 'Lara Khoury', 'Female', 62000),
(13, 'Karim Mansour', 'Male', 57000),
(14, 'Sara Nassar', 'Female', 59000),
(15, 'Riad Abboud', 'Male', 60000),
(16, 'Jana Haddad', 'Female', 56000),
(17, 'Elias Fakhoury', 'Male', 63000),
(18, 'Diana Saliba', 'Female', 55000),
(19, 'Ziad Issa', 'Male', 59000),
(20, 'Yara Hariri', 'Female', 61000),
(21, 'Rasha Khalil', 'Female', 60000),
(22, 'Ahmad Nassar', 'Male', 58000),
(23, 'Mona Abboud', 'Female', 62000),
(24, 'Samir Mansour', 'Male', 57000),
(25, 'Layla Nassar', 'Female', 59000),
(26, 'Hassan Hariri', 'Male', 60000),
(27, 'Fatima Haddad', 'Female', 56000),
(28, 'Fadi Saliba', 'Male', 63000),
(29, 'Rima Samaha', 'Female', 55000),
(30, 'Nabil Issa', 'Male', 59000),
(31, 'Lina Hariri', 'Female', 61000),
(32, 'Hassan Khalil', 'Male', 60000),
(33, 'Leila Issa', 'Female', 62000),
(34, 'Rami Fakhoury', 'Male', 57000),
(35, 'Layla Nassar', 'Female', 59000),
(36, 'Fadi Hariri', 'Male', 60000),
(37, 'Lina Salameh', 'Female', 56000),
(38, 'Rabih Mansour', 'Male', 63000),
(39, 'Nour Samaha', 'Female', 55000),
(40, 'Ali Haddad', 'Male', 59000),
(41, 'Lynn Abi Khalil', 'Female', 61000),
(42, 'Omar Saad', 'Male', 58000),
(43, 'Lara Khoury', 'Female', 62000),
(44, 'Karim Mansour', 'Male', 57000),
(45, 'Sara Nassar', 'Female', 59000),
(46, 'Riad Abboud', 'Male', 60000),
(47, 'Jana Haddad', 'Female', 56000),
(48, 'Elias Fakhoury', 'Male', 63000),
(49, 'Diana Saliba', 'Female', 55000),
(50, 'Ziad Issa', 'Male', 59000);


INSERT INTO agent (agency_ID, percentage_taken, name, email, license, salary) VALUES 
(1, 20, 'Hassan Fakih', 'hfakih@example.com', 11111, 45000),			
(1, 18, 'Leila Khoury', 'lkhoury@example.com', 22222, 42000),			
(2, 22, 'Rami Saliba', 'rsaliba@example.com', 33333, 48000),
(2, 19, 'Layla Abi Raad', 'labiraad@example.com', 44444, 43000),
(3, 21, 'Fadi Chami', 'fchami@example.com', 55555, 47000),
(3, 17, 'Lina Harb', 'lharb@example.com', 66666, 41000),
(4, 23, 'Rabih Habib', 'rhabib@example.com', 77777, 49000),
(5, 16, 'Nour Haddad', 'nhaddad@example.com', 88888, 40000),
(6, 24, 'Ali Geagea', 'ageagea@example.com', 99999, 50000),
(7, 15, 'Lynn El Hage', 'lehage@example.com', 12345, 39000),
(4, 20, 'Nadine Salameh', 'nsalameh@example.com', 23456, 45000),
(5, 18, 'Khalil Abou Sleiman', 'kasleiman@example.com', 34567, 42000),
(6, 22, 'Noura Chahine', 'nchahine@example.com', 45678, 48000),
(7, 19, 'Fadi Karam', 'fkaram@example.com', 56789, 43000),
(8, 21, 'Rima Maalouf', 'rmaalouf@example.com', 67890, 47000),
(9, 17, 'Hussein Fadel', 'khassuna@meow.com', 98765, 41000),
(10, 23, 'Karim Harb', 'kharb@example.com', 87654, 49000),
(11, 16, 'Yara Nassar', 'ynassar@example.com', 76543, 40000),
(12, 24, 'Elias Khoury', 'ekhoury@example.com', 65432, 50000),
(13, 15, 'Rana Abboud', 'rabboud@example.com', 54321, 39000),
(14, 20, 'Riad Fakih', 'rfakih@example.com', 13579, 45000),
(15, 18, 'Jana Khoury', 'jkhoury@example.com', 24680, 42000),
(16, 22, 'Ahmad Saliba', 'asaliba@example.com', 80246, 48000),
(18, 21, 'Rami Chami', 'rchami@example.com', 46802, 47000),
(19, 17, 'Sara Harb', 'sharb@example.com', 13579, 41000),
(20, 23, 'Nour Habib', 'nhabib@example.com', 75310, 49000),
(1, 16, 'Rita El Hage', 'rehage@example.com', 80235, 40000),
(2, 24, 'George Geagea', 'ggeagea@example.com', 46802, 50000),
(3, 15, 'Lina Trad', 'ltrad@example.com', 13579, 39000),
(4, 20, 'Joe Salameh', 'jsalameh@example.com', 24680, 45000),
(5, 18, 'Amanda Abou Sleiman', 'aasleiman@example.com', 35791, 42000),
(6, 22, 'Youssef Chahine', 'ychahine@example.com', 80246, 48000),
(7, 19, 'Lara Karam', 'lkaram@example.com', 46802, 43000),
(8, 21, 'Mark Maalouf', 'mmaalouf@example.com', 13579, 47000),
(9, 17, 'Ralph Gerges', 'rgerges@example.com', 35791, 41000),
(10, 23, 'Karla Harb', 'kharb@example.com', 46802, 49000),
(11, 16, 'Daniel Nassar', 'dnassar@example.com', 13579, 40000),
(12, 24, 'Laura Khoury', 'lkhoury@example.com', 24680, 50000),
(13, 15, 'Robert Abboud', 'rabboud@example.com', 24680, 39000),
(14, 20, 'Emily Fakih', 'efakih@example.com', 46802, 45000),
(15, 18, 'John Khoury', 'jkhoury@example.com', 13579, 42000),
(16, 22, 'Jessica Saliba', 'jsaliba@example.com', 98765, 48000),
(17, 19, 'Mike Abi Raad', 'mabiraad@example.com', 80246, 43000),
(18, 21, 'Sarah Chami', 'schami@example.com', 24680, 47000),
(19, 17, 'Ryan Harb', 'rharb@example.com', 11111, 41000),
(20, 23, 'Nicole Habib', 'nhabib@example.com', 76543, 49000);

INSERT INTO maintenance_company (cost, description) VALUES 
(500, 'Routine maintenance'),
(750, 'Electrical repairs'),
(600, 'Plumbing fixes'),
(900, 'HVAC system servicing'),
(400, 'Painting and renovations'),
(300, 'Garden maintenance'),
(850, 'Roof repairs'),
(700, 'Flooring replacements'),
(550, 'Appliance maintenance'),
(950, 'Structural repairs'),
(480, 'Window replacements'),
(720, 'Carpet cleaning'),
(620, 'Pest control'),
(820, 'Cabinet refacing'),
(580, 'Deck maintenance');

INSERT INTO owner (agent_ID, phone_nmb, name) VALUES 
(1, '81951523', 'Hussein Fadel'),
(2, '79123457', 'Leila Haddad'),
(3, '79123458', 'Rami Khoury'),
(4, '79123459', 'Layla Chahine'),
(5, '79123450', 'Fadi Haddad'),
(6, '79123451', 'Lina Maalouf'),
(7, '79123452', 'Rabih Fadel'),
(8, '79123453', 'Nour Karam'),
(9, '79123454', 'Ali Nassar'),
(10, '98123455', 'Lynn Gerges'),
(11, '78123456', 'George Abou Sleiman'),
(12, '78123457', 'Sara Haddad'),
(13, '78123458', 'Omar Khoury'),
(14, '78123459', 'Rita Chahine'),
(15, '78123450', 'Samir Haddad'),
(16, '78123451', 'Carla Maalouf'),
(17, '78123452', 'Wissam Fadel'),
(18, '78123753', 'Maya Karam'),
(19, '78123754', 'Karim Nassar'),
(20, '78123755', 'Lara Gerges'),
(21, '73123756', 'Philip Abou Sleiman'),
(22, '73123757', 'Hala Haddad'),
(23, '73123758', 'Tarek Khoury'),
(24, '73123759', 'Sally Chahine'),
(25, '72123750', 'Youssef Haddad'),
(26, '72123751', 'Christine Maalouf'),
(27, '72123752', 'Michel Fadel'),
(28, '78123453', 'Diana Karam'),
(29, '78123454', 'Wael Nassar'),
(30, '78123455', 'Mira Gerges');



INSERT INTO property (registration_number, maintenance_ID, address, size, date_listed, type, price, monthly_rent) VALUES 
(1, 1, '123 Main St, Beirut, Lebanon', 200, '2023-01-15', 'for_sale', 150000, NULL),
(2, 2, '456 Elm St, Tripoli, Lebanon', 150, '2023-02-20', 'for_sale', 120000, NULL),
(3, 3, '789 Oak St, Jounieh, Lebanon', 300, '2023-03-25', 'for_rent', NULL, 1200),
(4, 4, '567 Cedar St, Zahle, Lebanon', 250, '2023-04-30', 'for_rent', NULL, 1500),
(5, 5, '987 Pine St, Tyre, Lebanon', 180, '2023-05-05', 'for_sale', 135000, NULL),
(6, 6, '234 Maple St, Sidon, Lebanon', 220, '2023-06-10', 'for_sale', 160000, NULL),
(7, 7, '654 Birch St, Baalbek, Lebanon', 270, '2023-07-15', 'for_rent', NULL, 1800),
(8, 8, '890 Fir St, Nabatieh, Lebanon', 190, '2023-08-20', 'for_rent', NULL, 1300),
(9, 9, '432 Spruce St, Batroun, Lebanon', 210, '2023-09-25', 'for_sale', 145000, NULL),
(10, 10, '109 Walnut St, Jbeil, Lebanon', 280, '2023-10-30', 'for_sale', 170000, NULL),
(11, 11, '111 Oak St, Beirut, Lebanon', 210, '2023-11-15', 'for_sale', 160000, NULL),
(12, 12, '222 Elm St, Tripoli, Lebanon', 130, '2023-11-16', 'for_rent', NULL, 1000),
(13, 13, '333 Pine St, Jounieh, Lebanon', 250, '2023-11-17', 'for_sale', 180000, NULL),
(14, 14, '444 Cedar St, Zahle, Lebanon', 180, '2023-11-18', 'for_rent', NULL, 1300),
(15, 15, '555 Fir St, Tyre, Lebanon', 190, '2023-11-19', 'for_sale', 140000, NULL),
(16, 1, '666 Maple St, Sidon, Lebanon', 300, '2023-11-20', 'for_sale', 200000, NULL),
(17, 2, '777 Birch St, Baalbek, Lebanon', 260, '2023-11-21', 'for_rent', NULL, 1500),
(18, 3, '888 Spruce St, Nabatieh, Lebanon', 150, '2023-11-22', 'for_sale', 120000, NULL),
(19, 4, '999 Walnut St, Batroun, Lebanon', 220, '2023-11-23', 'for_rent', NULL, 1700),
(20, 5, '1010 Oak St, Jbeil, Lebanon', 270, '2023-11-24', 'for_sale', 190000, NULL),
(21, 6, '1111 Elm St, Beirut, Lebanon', 180, '2023-11-25', 'for_rent', NULL, 1400),
(22, 7, '1212 Pine St, Tripoli, Lebanon', 200, '2023-11-26', 'for_sale', 150000, NULL),
(23, 8, '1313 Cedar St, Jounieh, Lebanon', 230, '2023-11-27', 'for_rent', NULL, 1600),
(24, 9, '1414 Fir St, Zahle, Lebanon', 170, '2023-11-28', 'for_sale', 110000, NULL),
(25, 10, '1515 Maple St, Tyre, Lebanon', 280, '2023-11-29', 'for_rent', NULL, 1800),
(26, 11, '1616 Birch St, Sidon, Lebanon', 250, '2023-11-30', 'for_sale', 170000, NULL),
(27, 12, '1717 Spruce St, Baalbek, Lebanon', 190, '2023-12-01', 'for_rent', NULL, 1300),
(28, 13, '1818 Walnut St, Nabatieh, Lebanon', 300, '2023-12-02', 'for_sale', 200000, NULL),
(29, 14, '1919 Oak St, Batroun, Lebanon', 210, '2023-12-03', 'for_rent', NULL, 1500),
(30, 15, '2020 Elm St, Jbeil, Lebanon', 260, '2023-12-04', 'for_sale', 180000, NULL),
(1, 1, '2121 Pine St, Beirut, Lebanon', 240, '2023-12-05', 'for_sale', 170000, NULL),
(2, 2, '2222 Cedar St, Tripoli, Lebanon', 280, '2023-12-06', 'for_rent', NULL, 1900),
(3, 3, '2323 Fir St, Jounieh, Lebanon', 170, '2023-12-07', 'for_sale', 120000, NULL),
(4, 4, '2424 Maple St, Zahle, Lebanon', 180, '2023-12-08', 'for_rent', NULL, 1400),
(5, 5, '2525 Birch St, Tyre, Lebanon', 290, '2023-12-09', 'for_sale', 210000, NULL),
(6, 6, '2626 Spruce St, Sidon, Lebanon', 200, '2023-12-10', 'for_rent', NULL, 1600),
(7, 7, '2727 Walnut St, Baalbek, Lebanon', 260, '2023-12-11', 'for_sale', 180000, NULL),
(8, 8, '2828 Oak St, Nabatieh, Lebanon', 230, '2023-12-12', 'for_rent', NULL, 1500),
(9, 9, '2929 Elm St, Batroun, Lebanon', 240, '2023-12-13', 'for_sale', 170000, NULL),
(10, 10, '3030 Pine St, Jbeil, Lebanon', 180, '2023-12-14', 'for_rent', NULL, 1200),
(11, 11, '3131 Cedar St, Beirut, Lebanon', 250, '2023-12-15', 'for_sale', 200000, NULL),
(12, 12, '3232 Fir St, Tripoli, Lebanon', 300, '2023-12-16', 'for_rent', NULL, 1900),
(13, 13, '3333 Maple St, Jounieh, Lebanon', 190, '2023-12-17', 'for_sale', 140000, NULL),
(14, 14, '3434 Birch St, Zahle, Lebanon', 210, '2023-12-18', 'for_rent', NULL, 1600),
(15, 15, '3535 Spruce St, Tyre, Lebanon', 260, '2023-12-19', 'for_sale', 180000, NULL),
(16, 1, '3636 Oak St, Sidon, Lebanon', 270, '2023-12-20', 'for_rent', NULL, 1700),
(17, 2, '3737 Elm St, Baalbek, Lebanon', 220, '2023-12-21', 'for_sale', 150000, NULL),
(18, 3, '3838 Pine St, Nabatieh, Lebanon', 190, '2023-12-22', 'for_rent', NULL, 1300),
(19, 4, '3939 Cedar St, Batroun, Lebanon', 280, '2023-12-23', 'for_sale', 200000, NULL),
(20, 5, '4040 Fir St, Jbeil, Lebanon', 230, '2023-12-24', 'for_rent', NULL, 1500),
(21, 6, '4141 Maple St, Beirut, Lebanon', 250, '2023-12-25', 'for_sale', 170000, NULL),
(22, 7, '4242 Birch St, Tripoli, Lebanon', 270, '2023-12-26', 'for_rent', NULL, 1800),
(23, 8, '4343 Spruce St, Jounieh, Lebanon', 200, '2023-12-27', 'for_sale', 150000, NULL),
(24, 9, '4444 Oak St, Zahle, Lebanon', 180, '2023-12-28', 'for_rent', NULL, 1300),
(25, 10, '4545 Elm St, Tyre, Lebanon', 260, '2023-12-29', 'for_sale', 190000, NULL),
(26, 11, '4646 Pine St, Sidon, Lebanon', 290, '2023-12-30', 'for_rent', NULL, 2000),
(27, 12, '4747 Cedar St, Baalbek, Lebanon', 240, '2023-12-31', 'for_sale', 160000, NULL),
(28, 13, '4848 Fir St, Nabatieh, Lebanon', 300, '2024-01-01', 'for_rent', NULL, 2200),
(29, 14, '4949 Maple St, Batroun, Lebanon', 190, '2024-01-02', 'for_sale', 140000, NULL),
(30, 15, '5050 Birch St, Jbeil, Lebanon', 210, '2024-01-03', 'for_rent', NULL, 1500);

INSERT INTO bank_account (pin, name, credit_score) VALUES 
(1234, 'BLOM Bank', 750),
(5678, 'Bank Audi', 800),
(4321, 'Byblos Bank', 720),
(9876, 'Bank of Beirut', 780),
(6543, 'Fransabank', 790),
(7890, 'Credit Libanais', 760),
(3456, 'BankMed', 770),
(8901, 'Societe Generale', 740),
(2109, 'Arab Bank', 810),
(8765, 'Bank of America', 830),
(2345, 'HSBC', 760),
(6789, 'Citibank', 790),
(3210, 'Barclays', 740),
(8765, 'Chase Bank', 800),
(5432, 'Wells Fargo', 770),
(9012, 'TD Bank', 810),
(4567, 'Capital One', 780),
(1098, 'PNC Bank', 750),
(3456, 'US Bank', 790),
(7890, 'Goldman Sachs', 820),
(1234, 'Morgan Stanley', 800),
(5678, 'UBS', 770),
(4321, 'Deutsche Bank', 780),
(9876, 'BNP Paribas', 760),
(6543, 'Santander Bank', 770),
(8901, 'Royal Bank of Canada', 800),
(2109, 'Scotiabank', 790),
(8765, 'ING Bank', 760),
(2345, 'Standard Chartered', 780),
(6789, 'Mitsubishi UFJ Financial Group', 820),
(3210, 'Nomura Holdings', 800),
(8765, 'Sumitomo Mitsui Financial Group', 810),
(5432, 'Mizuho Financial Group', 770),
(9012, 'State Bank of India', 790),
(4792,'Blom Bank',800);

INSERT INTO old_client (client_ID,bank_acc_ID, property_ID, phone_number, email, name, stay_length) VALUES 
(1 ,1, 1, '81123456', 'client1@example.com', 'Maroun Trad', 2),
(2, 2, 2, '81123457', 'client2@example.com', 'Rima Khoury', 4),
(3, 3, 3, '81123458', 'client3@example.com', 'Walid Gerges', 3),
(4, 4, 4, '81123459', 'client4@example.com', 'Nadine Karam', 1),
(5, 5, 5, '81123450', 'client5@example.com', 'Lara Fadel', 2),
(6, 6, 6, '81123451', 'client6@example.com', 'Omar Nassar', 5),
(7, 7, 7, '81123452', 'client7@example.com', 'Sara Chahine', 3),
(8, 8, 8, '81123453', 'client8@example.com', 'Karim Haddad', 4),
(9, 9, 9, '81123454', 'client9@example.com', 'Rita Abou Sleiman', 2),
(10, 10, 10, '81123455', 'client10@example.com', 'George Maalouf', 3),
(11, 11, 11, '81123460', 'client11@example.com', 'Layla Fakih', 4),
(12, 12, 12, '81123461', 'client12@example.com', 'Samir Abboud', 2),
(13, 13, 13, '81123462', 'client13@example.com', 'Christina Harb', 3),
(14, 14, 14, '81123463', 'client14@example.com', 'Ali Mansour', 5),
(15, 15, 15, '81123464', 'client15@example.com', 'Jana Saliba', 1);

INSERT INTO new_client (client_ID, bank_acc_ID, property_picked, phone_number, email, name, budget, app_date, app_time) VALUES 
(16,16,'Kash Residence','76571403', 'tamer@example.com','Tamer Kobba',690000,'2023-12-8','12:00'),
(17,17, 'Villa 202', '03123457', 'client12@example.com', 'Ahmad Fadel', 200000, '2023-11-16', '11:30'),
(18,18, 'Office 303', '08123458', 'client13@example.com', 'Mona Haddad', 100000, '2023-11-17', '09:45'),
(19,19, 'Studio 404', '03123459', 'client14@example.com', 'Bassam Nassar', 80000, '2023-11-18', '14:15'),
(20, 20,'Duplex 505', '03123450', 'client15@example.com', 'Rania Abou Sleiman', 180000, '2023-11-19', '12:30'),
(21, 21,'Condo 606', '03123451', 'client16@example.com', 'Tarek Trad', 120000, '2023-11-20', '15:45'),
(22, 22,'Penthouse 707', '03123452', 'client17@example.com', 'Layla Maalouf', 220000, '2023-11-21', '08:00'),
(23, 23,'Townhouse 808', '03123453', 'client18@example.com', 'Khaled Chahine', 250000, '2023-11-22', '17:00'),
(24, 24,'Loft 909', '03123454', 'client19@example.com', 'Hana Khoury', 130000, '2023-11-23', '13:00'),
(25, 25,'Mansion 1010', '03123455', 'client20@example.com', 'Lina Gerges', 300000, '2023-11-24', '16:30'),
(26, 26,'Apartment 1111', '05123456', 'client21@example.com', 'Youssef Abboud', 160000, '2023-11-25', '10:00'),
(27, 27,'Villa 1212', '07123457', 'client22@example.com', 'Sarah Mansour', 210000, '2023-11-26', '11:30'),
(28, 28,'Office 1313', '09123458', 'client23@example.com', 'Rami Saliba', 110000, '2023-11-27', '09:45'),
(29, 29,'Studio 1414', '06123459', 'client24@example.com', 'Layla Harb', 90000, '2023-11-28', '14:15'),
(30, 30,'Duplex 1515', '09123450', 'client25@example.com', 'Hassan Chami', 190000, '2023-11-29', '12:30'),
(31, 31,'Condo 1616', '09123451', 'client26@example.com', 'Nour Fakih', 130000, '2023-11-30', '15:45'),
(32, 32,'Penthouse 1717', '09123452', 'client27@example.com', 'Karim Abi Raad', 240000, '2023-12-01', '08:00'),
(33, 33,'Townhouse 1818', '09123453', 'client28@example.com', 'Lara Haddad', 270000, '2023-12-02', '17:00'),
(34, 34,'Loft 1919', '09123454', 'client29@example.com', 'Jad Khoury', 140000, '2023-12-03', '13:00'),
(35, 35,'Mansion 2020', '09123455', 'client30@example.com', 'Dina Gerges', 320000, '2023-12-04', '16:30');


INSERT INTO payment (agent_ID, client_ID, bank_acc_ID, total_amount, pay_date, method) VALUES 
(1, 16, 16, 200000, '2023-11-25', 'card'),
(2, 17, 17, 300000, '2023-11-26', 'cash'),
(3, 18, 18, 180000, '2023-11-27', 'card'),
(4, 19, 19, 150000, '2023-11-28', 'cash'),
(5, 20, 20, 250000, '2023-11-29', 'card'),
(6, 21, 21, 210000, '2023-11-30', 'cash'),
(7, 22, 22, 320000, '2023-12-01', 'card'),
(8, 23, 23, 280000, '2023-12-02', 'cash'),
(9, 24, 24, 190000, '2023-12-03', 'card'),
(10, 25, 25, 350000, '2023-12-04', 'cash'),
(11, 26, 26, 260000, '2023-12-05', 'card'),
(12, 27, 27, 240000, '2023-12-06', 'cash'),
(13, 28, 28, 180000, '2023-12-07', 'card'),
(14, 29, 29, 150000, '2023-12-08', 'cash'),
(15, 30, 30, 270000, '2023-12-09', 'card');


INSERT INTO review (property_ID, client_ID, rating) VALUES 
(1, 1, 4),
(2, 2, 5),
(3, 3, 4),
(4, 4, 3),
(5, 5, 5),
(6, 6, 4),
(7, 7, 3),
(8, 8, 5),
(9, 9, 4),
(10, 10, 5),
(11, 11, 4),
(12, 12, 3),
(13, 13, 5),
(14, 14, 4),
(15, 15, 3);

INSERT INTO contract (property_ID) VALUES 
(1),
(2),
(3),
(4),
(5),
(6),
(7),
(8),
(9),
(10),
(11),
(12),
(13),
(14),
(15),
(16),
(17),
(18),
(19),
(20),
(21),
(22),
(23),
(24),
(25),
(26),
(27),
(28),
(29),
(30),
(31),
(32),
(33),
(34),
(35),
(36),
(37),
(38),
(39),
(40),
(41),
(42),
(43),
(44),
(45),
(46),
(47),
(48),
(49),
(50),
(51),
(52),
(53),
(54),
(55),
(56),
(57),
(58),
(59),
(60);


